3,male,Mr. Kristo Laleff,23,7.9,0
3,male,Mr. Johann Markun,33,7.9,0
3,female,Miss. Gerda Ulrika Dahlberg,22,10.52,0
3,male,Mr. Henry Jr Sutehall,25,7.05,0
3,female,Mrs. William (Margaret Norton) Rice,39,29.13,0
3,female,Miss. Catherine Helen Johnston,7,23.45,0
3,male,Mr. Patrick Dooley,32,7.75,0
1,male,Mr. Alexander Cairns,28,31,0
2,male,Mr. Lawrence Beesley,34,13,1
2,female,Miss. Simonne Marie Anne Andree Laroche,3,41.58,1
2,female,Mrs. Lizzie (Elizabeth Anne Wilkinson) Faunthorpe,29,26,1
2,female,Miss. Emily Rugg,21,10.5,1
2,female,Miss. Constance Mirium West,5,27.75,1
2,female,Mrs. (Elizabeth Ramell) Nye,29,10.5,1
2,female,Mrs. James (Elizabeth Inglis Milne) Watt,40,15.75,1
2,male,Master. Richard F Becker,1,39,1
2,female,Mrs. (Rosa) Pinsky,32,13,1
2,male,Master. Michel M Navratil,3,26,1
3,female,Mrs. Sam (Leah Rosen) Aks,18,9.35,1
3,female,Mrs. Solomon (Latifa Qurban) Baclini,24,19.26,1
3,male,Master. Harold Theodor Johnson,4,11.13,1
3,female,Miss. Adele Kiamie Najib,15,7.23,1
1,female,Mrs. William Thompson (Edith Junkins) Graham,58,153.46,1
1,female,Miss. Amelia Bissette,35,135.63,1